{"cameraMode":{"drawMode":0,"name":"Shaded","section":"Shading Mode"},"sceneLighting":true,"audioPlay":false,"sceneViewState":{"showFog":true,"showMaterialUpdate":false,"showSkybox":true,"showFlares":true,"showImageEffects":true,"showParticleSystems":true},"in2DMode":false,"pivot":{"x":-7.0,"y":0.19999998807907105,"z":4.610000133514404},"rotation":{"x":-0.2706890404224396,"y":-0.11088544875383377,"z":0.03140658885240555,"w":-0.9557602405548096},"size":2.9660251140594484,"orthographic":false}